{"cameraMode":{"drawMode":0,"name":"Shaded","section":"Shading Mode"},"sceneLighting":false,"audioPlay":false,"sceneViewState":{"showFog":true,"showMaterialUpdate":true,"showSkybox":false,"showFlares":true,"showImageEffects":true,"showParticleSystems":true},"in2DMode":false,"pivot":{"x":10.00728988647461,"y":0.6689424514770508,"z":-19.980972290039064},"rotation":{"x":-0.12910369038581849,"y":-0.8648990988731384,"z":0.3934221565723419,"w":-0.283844918012619},"size":56.57740020751953,"orthographic":false}