{"cameraMode":{"drawMode":0,"name":"Shaded","section":"Shading Mode"},"sceneLighting":true,"audioPlay":false,"sceneViewState":{"showFog":true,"showMaterialUpdate":true,"showSkybox":true,"showFlares":true,"showImageEffects":true,"showParticleSystems":true},"in2DMode":false,"pivot":{"x":-3.6378536224365236,"y":-5.568817138671875,"z":7.948326110839844},"rotation":{"x":-0.12910369038581849,"y":-0.8648990988731384,"z":0.3934221565723419,"w":-0.283844918012619},"size":25.216136932373048,"orthographic":false}