{"cameraMode":{"drawMode":0,"name":"Shaded","section":"Shading Mode"},"sceneLighting":true,"audioPlay":false,"sceneViewState":{"showFog":true,"showMaterialUpdate":true,"showSkybox":true,"showFlares":true,"showImageEffects":true,"showParticleSystems":true},"in2DMode":false,"pivot":{"x":-3.00781512260437,"y":9.498966217041016,"z":8.589591979980469},"rotation":{"x":0.018178120255470277,"y":0.8650734424591065,"z":-0.5003712773323059,"w":0.03140772134065628},"size":29.011377334594728,"orthographic":false}