{"cameraMode":{"drawMode":0,"name":"Shaded","section":"Shading Mode"},"sceneLighting":true,"audioPlay":false,"sceneViewState":{"showFog":true,"showMaterialUpdate":true,"showSkybox":true,"showFlares":true,"showImageEffects":true,"showParticleSystems":true},"in2DMode":false,"pivot":{"x":-23.999496459960939,"y":2.1600000858306886,"z":0.5721441507339478},"rotation":{"x":0.30114343762397768,"y":-0.6724355220794678,"z":0.35007670521736147,"w":0.5784414410591126},"size":3.205531597137451,"orthographic":false}