{"cameraMode":{"drawMode":0,"name":"Shaded","section":"Shading Mode"},"sceneLighting":true,"audioPlay":false,"sceneViewState":{"showFog":true,"showMaterialUpdate":true,"showSkybox":true,"showFlares":true,"showImageEffects":true,"showParticleSystems":true},"in2DMode":false,"pivot":{"x":22.781551361083986,"y":-2.0830612182617189,"z":-14.742081642150879},"rotation":{"x":-0.33849450945854189,"y":0.6311267018318176,"z":-0.3557734191417694,"w":-0.6004700064659119},"size":60.70008850097656,"orthographic":false}