{"cameraMode":{"drawMode":0,"name":"Shaded","section":"Shading Mode"},"sceneLighting":true,"audioPlay":false,"sceneViewState":{"showFog":true,"showMaterialUpdate":true,"showSkybox":true,"showFlares":true,"showImageEffects":true,"showParticleSystems":true},"in2DMode":false,"pivot":{"x":-1.3345489501953126,"y":-1.7261028289794922,"z":-1.1560122966766358},"rotation":{"x":-0.2381054013967514,"y":0.5850293636322022,"z":-0.18502384424209596,"w":-0.7528733015060425},"size":8.60787296295166,"orthographic":false}