{"cameraMode":{"drawMode":0,"name":"Shaded","section":"Shading Mode"},"sceneLighting":true,"audioPlay":false,"sceneViewState":{"showFog":true,"showMaterialUpdate":true,"showSkybox":true,"showFlares":true,"showImageEffects":true,"showParticleSystems":true},"in2DMode":false,"pivot":{"x":-1.4881426095962525,"y":8.594314575195313,"z":10.276750564575196},"rotation":{"x":0.018178120255470277,"y":0.8650734424591065,"z":-0.5003712773323059,"w":0.03140772134065628},"size":20.493350982666017,"orthographic":false}