{"cameraMode":{"drawMode":0,"name":"Shaded","section":"Shading Mode"},"sceneLighting":true,"audioPlay":false,"sceneViewState":{"showFog":true,"showMaterialUpdate":true,"showSkybox":true,"showFlares":true,"showImageEffects":true,"showParticleSystems":true},"in2DMode":false,"pivot":{"x":-8.91989517211914,"y":-2.3404464721679689,"z":6.223930358886719},"rotation":{"x":0.15754464268684388,"y":0.8396301865577698,"z":-0.4034077227115631,"w":0.32787632942199709},"size":35.39469528198242,"orthographic":false}