{"cameraMode":{"drawMode":0,"name":"Shaded","section":"Shading Mode"},"sceneLighting":false,"audioPlay":false,"sceneViewState":{"showFog":true,"showMaterialUpdate":true,"showSkybox":false,"showFlares":true,"showImageEffects":true,"showParticleSystems":true},"in2DMode":false,"pivot":{"x":0.0005013644695281982,"y":1.2999999523162842,"z":-0.9438477754592896},"rotation":{"x":0.179029181599617,"y":-0.0023596298415213825,"z":0.0004295675316825509,"w":0.9838419556617737},"size":2.227787494659424,"orthographic":false}