{"cameraMode":{"drawMode":0,"name":"Shaded","section":"Shading Mode"},"sceneLighting":false,"audioPlay":false,"sceneViewState":{"showFog":true,"showMaterialUpdate":true,"showSkybox":false,"showFlares":true,"showImageEffects":true,"showParticleSystems":true},"in2DMode":false,"pivot":{"x":0.0005030632019042969,"y":1.184999942779541,"z":-0.27420365810394289},"rotation":{"x":0.2310873121023178,"y":-0.288953572511673,"z":0.07209160178899765,"w":0.9262338280677795},"size":3.212827444076538,"orthographic":false}